{
    "loss": 0.8862579464912415,
    "accuracy": 0.7250000238418579
}