{
    "loss": 0.566157341003418,
    "accuracy": 0.8500000238418579
}