{
    "loss": 0.5640491843223572,
    "accuracy": 0.7749999761581421
}