{
    "loss": 0.5412147045135498,
    "accuracy": 0.8374999761581421
}