{
    "loss": 0.037983741611242294,
    "accuracy": 0.9915966391563416
}