{
    "loss": 0.037983741611242294,
    "accuracy": 0.9915966386554622,
    "0_precision": 0.9940357852882704,
    "0_recall": 1.0,
    "0_f1-score": 0.9970089730807578,
    "0_support": 500.0,
    "1_precision": 1.0,
    "1_recall": 0.994,
    "1_f1-score": 0.9969909729187563,
    "1_support": 500.0,
    "2_precision": 0.9688715953307393,
    "2_recall": 0.996,
    "2_f1-score": 0.9822485207100591,
    "2_support": 500.0,
    "3_precision": 0.998003992015968,
    "3_recall": 1.0,
    "3_f1-score": 0.9990009990009989,
    "3_support": 500.0,
    "4_precision": 0.9979338842975206,
    "4_recall": 0.9679358717434869,
    "4_f1-score": 0.9827060020345879,
    "4_support": 499.0,
    "macro_precision": 0.9917690513864995,
    "macro_recall": 0.9915871743486975,
    "macro_f1-score": 0.991591093549032,
    "macro_support": 2499.0,
    "weighted_precision": 0.9917665844665672,
    "weighted_recall": 0.9915966386554622,
    "weighted_f1-score": 0.9915946490078213,
    "weighted_support": 2499.0
}